,Estimate,Lower,Upper
1,0.3,0.0166512937165458,0.583348706283454
