,Estimate,Lower,Upper
1,0.53592916776439,0.0103209285790475,0.846691728825305
