,Estimate,Lower,Upper
1,0.35,0.00569115953527982,0.69430884046472
