,Lower,Upper,mean,ph0
ciMA,-1.92897513572308e-05,0.386733632700765,0.145699289155045,0.405398828975155
ciH1,0.0500351728679967,0.440092916424108,0.245037003381477,0
