,Lower,Upper,mean,ph0
1,-1.92897513572308e-05,0.484251438265551,0.139953863862988,0.52415686286584
2,0.0196749632565847,0.568599216134385,0.294117647058824,0
