0,Lower,Upper,mean,ph0,ph1,mode
1,0,0.484276695663584,0.139953863862988,0.52415686286584,0.47584313713416,0.294179417941794
2,0.0196677937624616,0.568567500355185,0.294117647058824,0,1,NA
